source_submission_id,submitted_at,date,kiosk,lead_name,food_quality_rating,food_quantity_rating,food_concerns_or_outages,team_members_who_did_well,guest_issues_for_the_day,operational_notes,number_of_unclaimed_lunches,parse_status,validation_errors
FM-0001,2026-03-02 18:15:00,2026-03-02,Bowls & Buns,Dominick Bavilacqua,5,2,Kung Pao chicken ran low during the lunch rush and backup prep was started.,Maria kept the station organized and supported teammates throughout service.,One guest said the portion felt small for the price.,Recommend increasing Kung Pao chicken prep before peak service.,2,valid,[]
FM-0002,2026-03-02 18:15:00,2026-03-02,Market Grill,Sam Kim,4,3,All menu items stayed available and presentation was strong.,Sam communicated clearly and helped the line recover during the rush.,Several guests complimented the food quality.,Several prepared meals remained after service despite steady quality.,11,valid,[]
FM-0003,2026-03-02 18:15:00,2026-03-02,Verde Kitchen,Taylor Morgan,4,5,No food concerns today; quality and quantity remained consistent.,Taylor handled guest questions professionally and maintained a steady pace.,One guest complimented the team and no concerns were reported.,The shift stayed organized with no unusual delays.,5,valid,[]
FM-0004,2026-03-02 18:15:00,2026-03-02,Coastal Cafe,Anika Jones,5,5,Food held well throughout service and prep levels matched demand.,Anika handled guest questions professionally and maintained a steady pace.,A guest asked whether a beverage option could be added.,The shift stayed organized with no unusual delays.,6,valid,[]
FM-0005,2026-03-02 18:15:00,2026-03-02,Hearth & Grain,Mina Chen,4,5,Food held well throughout service and prep levels matched demand.,Maya Chen noticed a prep issue early and coordinated a quick recovery.,Several guests complimented the food quality.,No major operational concerns.,2,valid,[]
FM-0006,2026-03-02 18:15:00,2026-03-02,Street Eats,Iris Quinn,3,2,No food concerns today; quality and quantity remained consistent.,Iris handled guest questions professionally and maintained a steady pace.,A guest asked whether a beverage option could be added.,"Opening, service, and closing procedures ran normally.",3,valid,[]
FM-0007,2026-03-03 18:15:00,2026-03-03,Bowls & Buns,Chris Taylor,4,4,Food held well throughout service and prep levels matched demand.,Chris handled guest questions professionally and maintained a steady pace.,One guest complimented the team and no concerns were reported.,"Opening, service, and closing procedures ran normally.",4,valid,[]
FM-0008,2026-03-03 18:15:00,2026-03-03,Market Grill,Jordan Lee,4,5,All menu items stayed available and presentation was strong.,Jordan kept the station organized and supported teammates throughout service.,A guest asked when a previous seasonal item might return.,Production exceeded afternoon demand; reduce backup prep on slower days.,12,valid,[]
FM-0009,2026-03-03 18:15:00,2026-03-03,Verde Kitchen,Jules Adams,5,3,Food held well throughout service and prep levels matched demand.,Jules handled guest questions professionally and maintained a steady pace.,Guests asked about gluten-free ingredients and possible cross-contact.,No major operational concerns.,5,valid,[]
FM-0011,2026-03-03 18:15:00,2026-03-03,Hearth & Grain,Andre Price,4,4,Food held well throughout service and prep levels matched demand.,Andre kept the station organized and supported teammates throughout service.,Two guests asked for a spicier sauce.,The shift stayed organized with no unusual delays.,2,valid,[]
FM-0012,2026-03-03 18:15:00,2026-03-03,Street Eats,Maya Ross,5,2,Inventory counts did not match the remaining taco portions near closing.,Maya kept the station organized and supported teammates throughout service.,Guests were positive and service moved smoothly.,The handoff should include clearer remaining-inventory counts.,7,valid,[]
FM-0013,2026-03-04 18:15:00,2026-03-04,Bowls & Buns,Maria Santos,3,3,All menu items stayed available and presentation was strong.,Iris kept the station organized and supported teammates throughout service.,Guests were positive and service moved smoothly.,"Opening, service, and closing procedures ran normally.",6,valid,[]
FM-0014,2026-03-04 18:15:00,2026-03-04,Market Grill,Nina Rivera,4,5,Food held well throughout service and prep levels matched demand.,Elena handled guest questions professionally and maintained a steady pace.,One guest said the portion felt small for the price.,Several prepared meals remained after service despite steady quality.,7,valid,[]
FM-0015,2026-03-04 18:15:00,2026-03-04,Verde Kitchen,Priya Nair,5,3,All menu items stayed available and presentation was strong.,Avery kept the station organized and supported teammates throughout service.,No major guest issues today.,"Opening, service, and closing procedures ran normally.",2,valid,[]
FM-0016,2026-03-04 18:15:00,2026-03-04,Coastal Cafe,Omar Lewis,3,5,No food concerns today; quality and quantity remained consistent.,Noah handled guest questions professionally and maintained a steady pace.,No major guest issues today.,No major operational concerns.,3,valid,[]
FM-0017,2026-03-04 18:15:00,2026-03-04,Hearth & Grain,Grace Hall,5,4,All menu items stayed available and presentation was strong.,Maya Chen noticed a prep issue early and coordinated a quick recovery.,Guests were positive and service moved smoothly.,No major operational concerns.,1,valid,[]
FM-0018,2026-03-04 18:15:00,2026-03-04,Street Eats,Ben Walker,5,2,No food concerns today; quality and quantity remained consistent.,Devin handled guest questions professionally and maintained a steady pace.,Guests were positive and service moved smoothly.,No major operational concerns.,8,valid,[]
FM-0019,2026-03-05 18:15:00,2026-03-05,Bowls & Buns,Dominick Bavilacqua,5,2,All menu items stayed available and presentation was strong.,Dom handled guest questions professionally and maintained a steady pace.,No major guest issues today.,"Opening, service, and closing procedures ran normally.",5,valid,[]
FM-0020,2026-03-05 18:15:00,2026-03-05,Market Grill,Sam Kim,5,3,All menu items stayed available and presentation was strong.,Nina kept the station organized and supported teammates throughout service.,Guests were positive and service moved smoothly.,Production exceeded afternoon demand; reduce backup prep on slower days.,10,valid,[]
FM-0021,2026-03-05 18:15:00,2026-03-05,Verde Kitchen,Taylor Morgan,5,3,Food held well throughout service and prep levels matched demand.,Priya kept the station organized and supported teammates throughout service.,A guest asked whether the black bean bowl contained dairy.,The shift stayed organized with no unusual delays.,5,valid,[]
FM-0022,2026-03-05 18:15:00,2026-03-05,Coastal Cafe,Anika Jones,5,3,Food held well throughout service and prep levels matched demand.,Omar kept the station organized and supported teammates throughout service.,A guest asked when a previous seasonal item might return.,The shift stayed organized with no unusual delays.,7,valid,[]
FM-0023,2026-03-05 18:15:00,2026-03-05,Hearth & Grain,Mina Chen,5,4,All menu items stayed available and presentation was strong.,Grace kept the station organized and supported teammates throughout service.,Several guests complimented the food quality.,No major operational concerns.,4,valid,[]
FM-0024,2026-03-05 18:15:00,2026-03-05,Street Eats,Iris Quinn,5,2,Inventory counts did not match the remaining taco portions near closing.,Ben kept the station organized and supported teammates throughout service.,One guest said the portion felt small for the price.,The handoff should include clearer remaining-inventory counts.,5,valid,[]
FM-0025,2026-03-09 18:15:00,2026-03-09,Bowls & Buns,Chris Taylor,4,2,Kung Pao chicken sold out near 1 PM while tofu stir-fry remained available.,Chris kept the station organized and supported teammates throughout service.,Several guests complimented the food quality.,Recommend increasing Kung Pao chicken prep before peak service.,5,valid,[]
FM-0026,2026-03-09 18:15:00,2026-03-09,Market Grill,Jordan Lee,4,4,No food concerns today; quality and quantity remained consistent.,Jordan handled guest questions professionally and maintained a steady pace.,One guest said the portion felt small for the price.,Several prepared meals remained after service despite steady quality.,8,valid,[]
FM-0027,2026-03-09 18:15:00,2026-03-09,Verde Kitchen,Jules Adams,4,5,Food held well throughout service and prep levels matched demand.,Jules handled guest questions professionally and maintained a steady pace.,One guest complimented the team and no concerns were reported.,No major operational concerns.,1,valid,[]
FM-0028,2026-03-09 18:15:00,2026-03-09,Coastal Cafe,Lee Vaughn,4,4,All menu items stayed available and presentation was strong.,Lee kept the station organized and supported teammates throughout service.,Several guests complimented the food quality.,The shift stayed organized with no unusual delays.,7,valid,[]
FM-0029,2026-03-09 18:15:00,2026-03-09,Hearth & Grain,Andre Price,4,5,Food held well throughout service and prep levels matched demand.,"Maya Chen received positive guest feedback for patient, clear service.",A guest requested a lower-sodium option.,No major operational concerns.,0,valid,[]
FM-0030,2026-03-09 18:15:00,2026-03-09,Street Eats,Maya Ross,3,3,All menu items stayed available and presentation was strong.,Maya kept the station organized and supported teammates throughout service.,One guest said the portion felt small for the price.,No major operational concerns.,5,valid,[]
FM-0031,2026-03-10 18:15:00,2026-03-10,Bowls & Buns,Maria Santos,3,2,No food concerns today; quality and quantity remained consistent.,Iris handled guest questions professionally and maintained a steady pace.,One guest complimented the team and no concerns were reported.,"Opening, service, and closing procedures ran normally.",3,valid,[]
FM-0033,2026-03-10 18:15:00,2026-03-10,Verde Kitchen,Priya Nair,4,5,All menu items stayed available and presentation was strong.,Avery handled guest questions professionally and maintained a steady pace.,Two guests requested clearer allergy information for the avocado salsa.,The shift stayed organized with no unusual delays.,5,valid,[]
FM-0034,2026-03-10 18:15:00,2026-03-10,Coastal Cafe,Omar Lewis,5,3,All menu items stayed available and presentation was strong.,Noah kept the station organized and supported teammates throughout service.,A guest asked whether a beverage option could be added.,The warming unit required a reset and created a pickup bottleneck.,7,valid,[]
FM-0035,2026-03-10 18:15:00,2026-03-10,Hearth & Grain,Grace Hall,4,5,All menu items stayed available and presentation was strong.,Luis communicated clearly and helped the line recover during the rush.,One guest complimented the team and no concerns were reported.,"Opening, service, and closing procedures ran normally.",2,valid,[]
FM-0036,2026-03-10 18:15:00,2026-03-10,Street Eats,Ben Walker,3,2,Food held well throughout service and prep levels matched demand.,Devin kept the station organized and supported teammates throughout service.,A guest asked when a previous seasonal item might return.,The shift stayed organized with no unusual delays.,2,valid,[]
FM-0037,2026-03-11 18:15:00,2026-03-11,Bowls & Buns,Dominick Bavilacqua,5,3,Kung Pao chicken ran low during the lunch rush and backup prep was started.,Dom handled guest questions professionally and maintained a steady pace.,One guest complimented the team and no concerns were reported.,Recommend increasing Kung Pao chicken prep before peak service.,3,valid,[]
FM-0038,2026-03-11 18:15:00,2026-03-11,Market Grill,Sam Kim,4,3,No food concerns today; quality and quantity remained consistent.,Nina communicated clearly and helped the line recover during the rush.,No major guest issues today.,Unclaimed lunches were above target and closing waste should be reviewed.,11,valid,[]
FM-0039,2026-03-11 18:15:00,2026-03-11,Verde Kitchen,Taylor Morgan,4,3,All menu items stayed available and presentation was strong.,Priya handled guest questions professionally and maintained a steady pace.,Several guests complimented the food quality.,The shift stayed organized with no unusual delays.,2,valid,[]
FM-0040,2026-03-11 18:15:00,2026-03-11,Coastal Cafe,Anika Jones,5,4,No food concerns today; quality and quantity remained consistent.,Omar handled guest questions professionally and maintained a steady pace.,A guest asked whether a beverage option could be added.,No major operational concerns.,3,valid,[]
FM-0041,2026-03-11 18:15:00,2026-03-11,Hearth & Grain,Mina Chen,4,5,All menu items stayed available and presentation was strong.,"Maya Chen received positive guest feedback for patient, clear service.",No major guest issues today.,"Opening, service, and closing procedures ran normally.",2,valid,[]
FM-0042,2026-03-11 18:15:00,2026-03-11,Street Eats,Iris Quinn,5,5,All menu items stayed available and presentation was strong.,Ben kept the station organized and supported teammates throughout service.,One guest complimented the team and no concerns were reported.,The shift stayed organized with no unusual delays.,7,valid,[]
FM-0043,2026-03-12 18:15:00,2026-03-12,Bowls & Buns,Chris Taylor,4,2,All menu items stayed available and presentation was strong.,Maria kept the station organized and supported teammates throughout service.,One guest said the portion felt small for the price.,No major operational concerns.,4,valid,[]
FM-0044,2026-03-12 18:15:00,2026-03-12,Market Grill,Jordan Lee,5,5,Food held well throughout service and prep levels matched demand.,Sam kept the station organized and supported teammates throughout service.,Guests were positive and service moved smoothly.,Production exceeded afternoon demand; reduce backup prep on slower days.,7,valid,[]
FM-0045,2026-03-12 18:15:00,2026-03-12,Verde Kitchen,Jules Adams,5,4,All menu items stayed available and presentation was strong.,Taylor kept the station organized and supported teammates throughout service.,Guests asked about gluten-free ingredients and possible cross-contact.,No major operational concerns.,2,valid,[]
FM-0046,2026-03-12 18:15:00,2026-03-12,Coastal Cafe,Lee Vaughn,3,4,All menu items stayed available and presentation was strong.,Anika communicated clearly and helped the line recover during the rush.,Two guests asked for a spicier sauce.,The shift stayed organized with no unusual delays.,7,valid,[]
FM-0047,2026-03-12 18:15:00,2026-03-12,Hearth & Grain,Andre Price,5,4,No food concerns today; quality and quantity remained consistent.,Mina kept the station organized and supported teammates throughout service.,Several guests complimented the food quality.,The shift stayed organized with no unusual delays.,3,valid,[]
FM-0049,2026-03-16 18:15:00,2026-03-16,Bowls & Buns,Maria Santos,3,3,Kung Pao chicken ran low during the lunch rush and backup prep was started.,Iris communicated clearly and helped the line recover during the rush.,One guest said the portion felt small for the price.,Recommend increasing Kung Pao chicken prep before peak service.,3,valid,[]
FM-0050,2026-03-16 18:15:00,2026-03-16,Market Grill,Nina Rivera,4,5,No food concerns today; quality and quantity remained consistent.,Elena handled guest questions professionally and maintained a steady pace.,One guest complimented the team and no concerns were reported.,Several prepared meals remained after service despite steady quality.,12,valid,[]
FM-0051,2026-03-16 18:15:00,2026-03-16,Verde Kitchen,Priya Nair,5,3,All menu items stayed available and presentation was strong.,Avery kept the station organized and supported teammates throughout service.,A guest requested a lower-sodium option.,No major operational concerns.,5,valid,[]
FM-0052,2026-03-16 18:15:00,2026-03-16,Coastal Cafe,Omar Lewis,4,4,Food held well throughout service and prep levels matched demand.,Noah communicated clearly and helped the line recover during the rush.,One guest complimented the team and no concerns were reported.,The shift stayed organized with no unusual delays.,7,valid,[]
FM-0053,2026-03-16 18:15:00,2026-03-16,Hearth & Grain,Grace Hall,4,5,Food held well throughout service and prep levels matched demand.,Maya Chen kept the line moving and coached a newer employee during the rush.,A guest asked whether a beverage option could be added.,"Opening, service, and closing procedures ran normally.",0,valid,[]
FM-0054,2026-03-16 18:15:00,2026-03-16,Street Eats,Ben Walker,3,5,All menu items stayed available and presentation was strong.,Devin handled guest questions professionally and maintained a steady pace.,A guest asked whether a beverage option could be added.,"Opening, service, and closing procedures ran normally.",2,valid,[]
FM-0055,2026-03-17 18:15:00,2026-03-17,Bowls & Buns,Dominick Bavilacqua,5,2,Food held well throughout service and prep levels matched demand.,Dom handled guest questions professionally and maintained a steady pace.,Two guests asked for a spicier sauce.,The shift stayed organized with no unusual delays.,2,valid,[]
FM-0056,2026-03-17 18:15:00,2026-03-17,Market Grill,Sam Kim,4,3,All menu items stayed available and presentation was strong.,Nina kept the station organized and supported teammates throughout service.,A guest asked when a previous seasonal item might return.,Unclaimed lunches were above target and closing waste should be reviewed.,12,valid,[]
FM-0057,2026-03-17 18:15:00,2026-03-17,Verde Kitchen,Taylor Morgan,4,5,All menu items stayed available and presentation was strong.,Priya handled guest questions professionally and maintained a steady pace.,Two guests requested clearer allergy information for the avocado salsa.,No major operational concerns.,2,valid,[]
FM-0058,2026-03-17 18:15:00,2026-03-17,Coastal Cafe,Anika Jones,3,4,No food concerns today; quality and quantity remained consistent.,Omar kept the station organized and supported teammates throughout service.,Guests were positive and service moved smoothly.,The receipt printer failed twice and orders had to be called manually.,2,valid,[]
FM-0059,2026-03-17 18:15:00,2026-03-17,Hearth & Grain,Mina Chen,4,5,Food held well throughout service and prep levels matched demand.,Grace kept the station organized and supported teammates throughout service.,No major guest issues today.,The shift stayed organized with no unusual delays.,1,valid,[]
FM-0060,2026-03-17 18:15:00,2026-03-17,Street Eats,Iris Quinn,3,2,Inventory counts did not match the remaining taco portions near closing.,Ben handled guest questions professionally and maintained a steady pace.,A guest asked whether a beverage option could be added.,The handoff should include clearer remaining-inventory counts.,2,valid,[]
FM-0062,2026-03-18 18:15:00,2026-03-18,Market Grill,Jordan Lee,4,3,No food concerns today; quality and quantity remained consistent.,Sam handled guest questions professionally and maintained a steady pace.,Guests were positive and service moved smoothly.,Unclaimed lunches were above target and closing waste should be reviewed.,11,valid,[]
FM-0063,2026-03-18 18:15:00,2026-03-18,Verde Kitchen,Jules Adams,4,5,All menu items stayed available and presentation was strong.,Taylor kept the station organized and supported teammates throughout service.,No major guest issues today.,No major operational concerns.,4,valid,[]
FM-0064,2026-03-18 18:15:00,2026-03-18,Coastal Cafe,Lee Vaughn,5,5,Food held well throughout service and prep levels matched demand.,Anika communicated clearly and helped the line recover during the rush.,One guest said the portion felt small for the price.,"Opening, service, and closing procedures ran normally.",5,valid,[]
FM-0065,2026-03-18 18:15:00,2026-03-18,Hearth & Grain,Andre Price,5,5,No food concerns today; quality and quantity remained consistent.,Maya Chen noticed a prep issue early and coordinated a quick recovery.,Several guests complimented the food quality.,The shift stayed organized with no unusual delays.,0,valid,[]
FM-0066,2026-03-18 18:15:00,2026-03-18,Street Eats,Maya Ross,4,2,Food held well throughout service and prep levels matched demand.,Iris kept the station organized and supported teammates throughout service.,Guests were positive and service moved smoothly.,The shift stayed organized with no unusual delays.,8,valid,[]
FM-0067,2026-03-19 18:15:00,2026-03-19,Bowls & Buns,Maria Santos,5,3,No food concerns today; quality and quantity remained consistent.,Chris handled guest questions professionally and maintained a steady pace.,One guest complimented the team and no concerns were reported.,No major operational concerns.,4,valid,[]
FM-0068,2026-03-19 18:15:00,2026-03-19,Market Grill,Nina Rivera,5,4,No food concerns today; quality and quantity remained consistent.,Jordan communicated clearly and helped the line recover during the rush.,One guest complimented the team and no concerns were reported.,Production exceeded afternoon demand; reduce backup prep on slower days.,8,valid,[]
FM-0069,2026-03-19 18:15:00,2026-03-19,Verde Kitchen,Priya Nair,4,3,Food held well throughout service and prep levels matched demand.,Jules handled guest questions professionally and maintained a steady pace.,Guests asked about gluten-free ingredients and possible cross-contact.,"Opening, service, and closing procedures ran normally.",3,valid,[]
FM-0070,2026-03-19 18:15:00,2026-03-19,Coastal Cafe,Omar Lewis,5,3,Food held well throughout service and prep levels matched demand.,Lee kept the station organized and supported teammates throughout service.,Several guests complimented the food quality.,"Opening, service, and closing procedures ran normally.",7,valid,[]
FM-0071,2026-03-19 18:15:00,2026-03-19,Hearth & Grain,Grace Hall,5,5,All menu items stayed available and presentation was strong.,Andre handled guest questions professionally and maintained a steady pace.,Two guests asked for a spicier sauce.,"Opening, service, and closing procedures ran normally.",1,valid,[]
FM-0072,2026-03-19 18:15:00,2026-03-19,Street Eats,Ben Walker,4,3,Inventory counts did not match the remaining taco portions near closing.,Maya communicated clearly and helped the line recover during the rush.,A guest asked when a previous seasonal item might return.,The handoff should include clearer remaining-inventory counts.,3,valid,[]
FM-0073,2026-03-23 18:15:00,2026-03-23,Bowls & Buns,Dominick Bavilacqua,5,2,Chicken prep was below demand and the final pan ran close to shortage.,Dom communicated clearly and helped the line recover during the rush.,Two guests asked for a spicier sauce.,Recommend increasing Kung Pao chicken prep before peak service.,1,valid,[]
FM-0074,2026-03-23 18:15:00,2026-03-23,Market Grill,Sam Kim,4,3,Food held well throughout service and prep levels matched demand.,Nina communicated clearly and helped the line recover during the rush.,No major guest issues today.,Unclaimed lunches were above target and closing waste should be reviewed.,7,valid,[]
FM-0075,2026-03-23 18:15:00,2026-03-23,Verde Kitchen,Taylor Morgan,5,5,Food held well throughout service and prep levels matched demand.,Priya kept the station organized and supported teammates throughout service.,Several guests complimented the food quality.,No major operational concerns.,2,valid,[]
FM-0076,2026-03-23 18:15:00,2026-03-23,Coastal Cafe,Anika Jones,3,4,No food concerns today; quality and quantity remained consistent.,Omar communicated clearly and helped the line recover during the rush.,One guest said the portion felt small for the price.,"Opening, service, and closing procedures ran normally.",2,valid,[]
FM-0077,2026-03-23 18:15:00,2026-03-23,Hearth & Grain,Mina Chen,5,5,All menu items stayed available and presentation was strong.,"Maya Chen received positive guest feedback for patient, clear service.",A guest asked whether a beverage option could be added.,"Opening, service, and closing procedures ran normally.",1,valid,[]
FM-0078,2026-03-23 18:15:00,2026-03-23,Street Eats,Iris Quinn,4,3,Food held well throughout service and prep levels matched demand.,Ben communicated clearly and helped the line recover during the rush.,Several guests complimented the food quality.,"Opening, service, and closing procedures ran normally.",3,valid,[]
FM-0079,2026-03-24 18:15:00,2026-03-24,Bowls & Buns,,5,4,No food concerns today; quality and quantity remained consistent.,Maria handled guest questions professionally and maintained a steady pace.,No major guest issues today.,The shift stayed organized with no unusual delays.,1,needs_review,['missing lead_name']
FM-0080,2026-03-24 18:15:00,2026-03-24,Market Grill,Jordan Lee,5,5,No food concerns today; quality and quantity remained consistent.,Sam communicated clearly and helped the line recover during the rush.,Several guests complimented the food quality.,Production exceeded afternoon demand; reduce backup prep on slower days.,9,valid,[]
FM-0081,2026-03-24 18:15:00,2026-03-24,Verde Kitchen,Jules Adams,4,4,All menu items stayed available and presentation was strong.,Taylor communicated clearly and helped the line recover during the rush.,Guests asked about gluten-free ingredients and possible cross-contact.,"Opening, service, and closing procedures ran normally.",4,valid,[]
FM-0082,2026-03-24 18:15:00,2026-03-24,Coastal Cafe,Lee Vaughn,5,5,No food concerns today; quality and quantity remained consistent.,Anika communicated clearly and helped the line recover during the rush.,One guest complimented the team and no concerns were reported.,The receipt printer failed twice and orders had to be called manually.,4,valid,[]
FM-0083,2026-03-24 18:15:00,2026-03-24,Hearth & Grain,Andre Price,4,4,No food concerns today; quality and quantity remained consistent.,Mina communicated clearly and helped the line recover during the rush.,Guests were positive and service moved smoothly.,The shift stayed organized with no unusual delays.,0,valid,[]
FM-0084,2026-03-24 18:15:00,2026-03-24,Street Eats,Maya Ross,5,2,No food concerns today; quality and quantity remained consistent.,Iris handled guest questions professionally and maintained a steady pace.,Several guests complimented the food quality.,No major operational concerns.,4,valid,[]
FM-0085,2026-03-25 18:15:00,2026-03-25,Bowls & Buns,Maria Santos,4,3,Kung Pao chicken sold out near 1 PM while tofu stir-fry remained available.,Chris handled guest questions professionally and maintained a steady pace.,A guest requested a lower-sodium option.,Recommend increasing Kung Pao chicken prep before peak service.,2,valid,[]
FM-0086,2026-03-25 18:15:00,2026-03-25,Market Grill,Nina Rivera,5,3,No food concerns today; quality and quantity remained consistent.,Jordan kept the station organized and supported teammates throughout service.,Guests were positive and service moved smoothly.,Unclaimed lunches were above target and closing waste should be reviewed.,9,valid,[]
FM-0087,2026-03-25 18:15:00,2026-03-25,Verde Kitchen,Priya Nair,5,4,All menu items stayed available and presentation was strong.,Jules kept the station organized and supported teammates throughout service.,Guests were positive and service moved smoothly.,"Opening, service, and closing procedures ran normally.",4,valid,[]
FM-0088,2026-03-25 18:15:00,2026-03-25,Coastal Cafe,Omar Lewis,3,3,No food concerns today; quality and quantity remained consistent.,Lee kept the station organized and supported teammates throughout service.,One guest complimented the team and no concerns were reported.,No major operational concerns.,5,valid,[]
FM-0089,2026-03-25 18:15:00,2026-03-25,Hearth & Grain,Grace Hall,4,5,All menu items stayed available and presentation was strong.,Maya Chen kept the line moving and coached a newer employee during the rush.,Two guests asked for a spicier sauce.,No major operational concerns.,4,valid,[]
FM-0090,2026-03-25 18:15:00,2026-03-25,Street Eats,Ben Walker,4,5,Food held well throughout service and prep levels matched demand.,Maya handled guest questions professionally and maintained a steady pace.,A guest asked when a previous seasonal item might return.,No major operational concerns.,4,valid,[]
FM-0091,2026-03-26 18:15:00,2026-03-26,Bowls & Buns,Dominick Bavilacqua,5,4,Food held well throughout service and prep levels matched demand.,Iris communicated clearly and helped the line recover during the rush.,A guest asked when a previous seasonal item might return.,The shift stayed organized with no unusual delays.,5,valid,[]
FM-0092,2026-03-26 18:15:00,2026-03-26,Market Grill,Sam Kim,5,5,Food held well throughout service and prep levels matched demand.,Elena communicated clearly and helped the line recover during the rush.,A guest asked when a previous seasonal item might return.,Several prepared meals remained after service despite steady quality.,7,valid,[]
FM-0094,2026-03-26 18:15:00,2026-03-26,Coastal Cafe,Anika Jones,3,4,All menu items stayed available and presentation was strong.,Noah handled guest questions professionally and maintained a steady pace.,No major guest issues today.,"Opening, service, and closing procedures ran normally.",7,valid,[]
FM-0095,2026-03-26 18:15:00,2026-03-26,Hearth & Grain,Mina Chen,5,5,No food concerns today; quality and quantity remained consistent.,Luis handled guest questions professionally and maintained a steady pace.,A guest asked whether a beverage option could be added.,"Opening, service, and closing procedures ran normally.",3,valid,[]
FM-0096,2026-03-26 18:15:00,2026-03-26,Street Eats,Iris Quinn,3,3,Cilantro rice ran low while extra street corn remained at closing.,Devin handled guest questions professionally and maintained a steady pace.,A guest asked whether a beverage option could be added.,The handoff should include clearer remaining-inventory counts.,5,valid,[]
FM-0097,2026-03-30 18:15:00,2026-03-30,Bowls & Buns,Chris Taylor,5,2,Kung Pao chicken ran low during the lunch rush and backup prep was started.,Maria kept the station organized and supported teammates throughout service.,A guest asked whether a beverage option could be added.,Recommend increasing Kung Pao chicken prep before peak service.,0,valid,[]
FM-0098,2026-03-30 18:15:00,2026-03-30,Market Grill,Jordan Lee,4,5,All menu items stayed available and presentation was strong.,Sam communicated clearly and helped the line recover during the rush.,Several guests complimented the food quality.,Several prepared meals remained after service despite steady quality.,9,valid,[]
FM-0099,2026-03-30 18:15:00,2026-03-30,Verde Kitchen,Jules Adams,4,3,No food concerns today; quality and quantity remained consistent.,Taylor handled guest questions professionally and maintained a steady pace.,Guests were positive and service moved smoothly.,"Opening, service, and closing procedures ran normally.",1,valid,[]
FM-0100,2026-03-30 18:15:00,2026-03-30,Coastal Cafe,Lee Vaughn,5,4,Food held well throughout service and prep levels matched demand.,Anika handled guest questions professionally and maintained a steady pace.,One guest complimented the team and no concerns were reported.,No major operational concerns.,7,valid,[]
FM-0101,2026-03-30 18:15:00,2026-03-30,Hearth & Grain,Andre Price,5,5,No food concerns today; quality and quantity remained consistent.,Maya Chen kept the line moving and coached a newer employee during the rush.,A guest requested a lower-sodium option.,"Opening, service, and closing procedures ran normally.",0,valid,[]
FM-0102,2026-03-30 18:15:00,2026-03-30,Street Eats,Maya Ross,4,3,Food held well throughout service and prep levels matched demand.,Iris handled guest questions professionally and maintained a steady pace.,A guest asked when a previous seasonal item might return.,The shift stayed organized with no unusual delays.,4,valid,[]
FM-0103,2026-03-31 18:15:00,2026-03-31,Bowls & Buns,Maria Santos,4,4,No food concerns today; quality and quantity remained consistent.,Chris kept the station organized and supported teammates throughout service.,A guest asked when a previous seasonal item might return.,No major operational concerns.,6,valid,[]
FM-0104,2026-03-31 18:15:00,2026-03-31,Market Grill,Nina Rivera,5,3,All menu items stayed available and presentation was strong.,Jordan handled guest questions professionally and maintained a steady pace.,Two guests asked for a spicier sauce.,Several prepared meals remained after service despite steady quality.,11,valid,[]
FM-0105,2026-03-31 18:15:00,2026-03-31,Verde Kitchen,Priya Nair,5,4,No food concerns today; quality and quantity remained consistent.,Jules communicated clearly and helped the line recover during the rush.,Guests asked about gluten-free ingredients and possible cross-contact.,The shift stayed organized with no unusual delays.,2,valid,[]
FM-0106,2026-03-31 18:15:00,2026-03-31,Coastal Cafe,Omar Lewis,4,5,No food concerns today; quality and quantity remained consistent.,Lee communicated clearly and helped the line recover during the rush.,One guest said the portion felt small for the price.,The register froze during lunch and slowed the line for several minutes.,2,valid,[]
FM-0108,2026-03-31 18:15:00,2026-03-31,Street Eats,Ben Walker,5,2,Inventory counts did not match the remaining taco portions near closing.,Maya handled guest questions professionally and maintained a steady pace.,A guest requested a lower-sodium option.,The handoff should include clearer remaining-inventory counts.,6,valid,[]
FM-0109,2026-04-01 18:15:00,2026-04-01,Bowls & Buns,Dominick Bavilacqua,4,2,Food held well throughout service and prep levels matched demand.,Iris handled guest questions professionally and maintained a steady pace.,A guest requested a lower-sodium option.,The shift stayed organized with no unusual delays.,5,valid,[]
FM-0110,2026-04-01 18:15:00,2026-04-01,Market Grill,Sam Kim,5,3,No food concerns today; quality and quantity remained consistent.,Elena kept the station organized and supported teammates throughout service.,Guests were positive and service moved smoothly.,Production exceeded afternoon demand; reduce backup prep on slower days.,12,valid,[]
FM-0111,2026-04-01 18:15:00,2026-04-01,Verde Kitchen,Taylor Morgan,5,5,All menu items stayed available and presentation was strong.,Avery kept the station organized and supported teammates throughout service.,A guest asked whether a beverage option could be added.,The shift stayed organized with no unusual delays.,4,valid,[]
FM-0112,2026-04-01 18:15:00,2026-04-01,Coastal Cafe,Anika Jones,5,5,All menu items stayed available and presentation was strong.,Noah handled guest questions professionally and maintained a steady pace.,One guest complimented the team and no concerns were reported.,The shift stayed organized with no unusual delays.,4,valid,[]
FM-0113,2026-04-01 18:15:00,2026-04-01,Hearth & Grain,Mina Chen,4,5,Food held well throughout service and prep levels matched demand.,Maya Chen kept the line moving and coached a newer employee during the rush.,One guest complimented the team and no concerns were reported.,No major operational concerns.,2,valid,[]
FM-0114,2026-04-01 18:15:00,2026-04-01,Street Eats,Iris Quinn,4,2,No food concerns today; quality and quantity remained consistent.,Devin communicated clearly and helped the line recover during the rush.,One guest said the portion felt small for the price.,"Opening, service, and closing procedures ran normally.",8,valid,[]
FM-0115,2026-04-02 18:15:00,2026-04-02,Bowls & Buns,Chris Taylor,5,4,All menu items stayed available and presentation was strong.,Dom communicated clearly and helped the line recover during the rush.,No major guest issues today.,The shift stayed organized with no unusual delays.,1,valid,[]
FM-0116,2026-04-02 18:15:00,2026-04-02,Market Grill,Jordan Lee,5,4,No food concerns today; quality and quantity remained consistent.,Nina handled guest questions professionally and maintained a steady pace.,Several guests complimented the food quality.,Production exceeded afternoon demand; reduce backup prep on slower days.,11,valid,[]
FM-0117,2026-04-02 18:15:00,2026-04-02,Verde Kitchen,Jules Adams,4,4,Food held well throughout service and prep levels matched demand.,Priya communicated clearly and helped the line recover during the rush.,Two guests requested clearer allergy information for the avocado salsa.,No major operational concerns.,5,valid,[]
FM-0118,2026-04-02 18:15:00,2026-04-02,Coastal Cafe,Lee Vaughn,5,3,All menu items stayed available and presentation was strong.,Omar handled guest questions professionally and maintained a steady pace.,One guest said the portion felt small for the price.,The shift stayed organized with no unusual delays.,6,valid,[]
FM-0119,2026-04-02 18:15:00,2026-04-02,Hearth & Grain,Andre Price,4,4,Food held well throughout service and prep levels matched demand.,Grace communicated clearly and helped the line recover during the rush.,Two guests asked for a spicier sauce.,No major operational concerns.,3,valid,[]
FM-0120,2026-04-02 18:15:00,2026-04-02,Street Eats,Maya Ross,5,2,Cilantro rice ran low while extra street corn remained at closing.,Ben handled guest questions professionally and maintained a steady pace.,A guest asked whether a beverage option could be added.,The handoff should include clearer remaining-inventory counts.,2,valid,[]
FM-0121,2026-04-06 18:15:00,2026-04-06,Bowls & Buns,Maria Santos,5,3,Kung Pao chicken sold out near 1 PM while tofu stir-fry remained available.,Chris handled guest questions professionally and maintained a steady pace.,One guest said the portion felt small for the price.,Recommend increasing Kung Pao chicken prep before peak service.,6,valid,[]
FM-0122,2026-04-06 18:15:00,2026-04-06,Market Grill,Nina Rivera,5,4,Food held well throughout service and prep levels matched demand.,Jordan handled guest questions professionally and maintained a steady pace.,A guest asked whether a beverage option could be added.,Several prepared meals remained after service despite steady quality.,8,valid,[]
FM-0123,2026-04-06 18:15:00,2026-04-06,Verde Kitchen,Priya Nair,4,3,All menu items stayed available and presentation was strong.,Jules kept the station organized and supported teammates throughout service.,A guest asked whether a beverage option could be added.,No major operational concerns.,5,valid,[]
FM-0124,2026-04-06 18:15:00,2026-04-06,Coastal Cafe,Omar Lewis,3,3,All menu items stayed available and presentation was strong.,Lee communicated clearly and helped the line recover during the rush.,Two guests asked for a spicier sauce.,"Opening, service, and closing procedures ran normally.",7,valid,[]
FM-0125,2026-04-06 18:15:00,2026-04-06,Hearth & Grain,Grace Hall,4,4,Food held well throughout service and prep levels matched demand.,"Maya Chen received positive guest feedback for patient, clear service.",A guest requested a lower-sodium option.,The shift stayed organized with no unusual delays.,4,valid,[]
FM-0127,2026-04-07 18:15:00,2026-04-07,Bowls & Buns,Dominick Bavilacqua,4,4,All menu items stayed available and presentation was strong.,Iris communicated clearly and helped the line recover during the rush.,Two guests asked for a spicier sauce.,"Opening, service, and closing procedures ran normally.",6,valid,[]
FM-0128,2026-04-07 18:15:00,2026-04-07,Market Grill,Sam Kim,5,4,No food concerns today; quality and quantity remained consistent.,Elena handled guest questions professionally and maintained a steady pace.,One guest said the portion felt small for the price.,Unclaimed lunches were above target and closing waste should be reviewed.,12,valid,[]
FM-0129,2026-04-07 18:15:00,2026-04-07,Verde Kitchen,Taylor Morgan,4,5,All menu items stayed available and presentation was strong.,Avery communicated clearly and helped the line recover during the rush.,Three guests asked whether the tofu bowl was vegan.,The shift stayed organized with no unusual delays.,2,valid,[]
FM-0130,2026-04-07 18:15:00,2026-04-07,Coastal Cafe,Anika Jones,4,3,No food concerns today; quality and quantity remained consistent.,Noah kept the station organized and supported teammates throughout service.,Guests were positive and service moved smoothly.,The warming unit required a reset and created a pickup bottleneck.,2,valid,[]
FM-0131,2026-04-07 18:15:00,2026-04-07,Hearth & Grain,Mina Chen,4,5,All menu items stayed available and presentation was strong.,Luis kept the station organized and supported teammates throughout service.,Guests were positive and service moved smoothly.,"Opening, service, and closing procedures ran normally.",1,valid,[]
FM-0132,2026-04-07 18:15:00,2026-04-07,Street Eats,Iris Quinn,4,4,No food concerns today; quality and quantity remained consistent.,Devin handled guest questions professionally and maintained a steady pace.,A guest asked whether a beverage option could be added.,The shift stayed organized with no unusual delays.,6,valid,[]
FM-0133,2026-04-08 18:15:00,2026-04-08,Bowls & Buns,Chris Taylor,5,2,Kung Pao chicken sold out near 1 PM while tofu stir-fry remained available.,Dom handled guest questions professionally and maintained a steady pace.,Several guests complimented the food quality.,Recommend increasing Kung Pao chicken prep before peak service.,4,valid,[]
FM-0135,2026-04-08 18:15:00,2026-04-08,Verde Kitchen,Jules Adams,5,4,All menu items stayed available and presentation was strong.,Priya handled guest questions professionally and maintained a steady pace.,One guest said the portion felt small for the price.,No major operational concerns.,3,valid,[]
FM-0136,2026-04-08 18:15:00,2026-04-08,Coastal Cafe,Lee Vaughn,3,4,Food held well throughout service and prep levels matched demand.,Omar handled guest questions professionally and maintained a steady pace.,A guest requested a lower-sodium option.,The shift stayed organized with no unusual delays.,7,valid,[]
FM-0137,2026-04-08 18:15:00,2026-04-08,Hearth & Grain,Andre Price,4,5,All menu items stayed available and presentation was strong.,Maya Chen kept the line moving and coached a newer employee during the rush.,A guest asked when a previous seasonal item might return.,No major operational concerns.,0,valid,[]
FM-0138,2026-04-08 18:15:00,2026-04-08,Street Eats,Maya Ross,4,3,No food concerns today; quality and quantity remained consistent.,Ben kept the station organized and supported teammates throughout service.,Guests were positive and service moved smoothly.,No major operational concerns.,3,valid,[]
FM-0139,2026-04-09 18:15:00,2026-04-09,Bowls & Buns,Maria Santos,4,2,No food concerns today; quality and quantity remained consistent.,Maria kept the station organized and supported teammates throughout service.,A guest requested a lower-sodium option.,The shift stayed organized with no unusual delays.,5,valid,[]
FM-0140,2026-04-09 18:15:00,2026-04-09,Market Grill,Nina Rivera,4,5,Food held well throughout service and prep levels matched demand.,Sam handled guest questions professionally and maintained a steady pace.,A guest asked whether a beverage option could be added.,Production exceeded afternoon demand; reduce backup prep on slower days.,7,valid,[]
FM-0141,2026-04-09 18:15:00,2026-04-09,Verde Kitchen,Priya Nair,5,4,All menu items stayed available and presentation was strong.,Taylor kept the station organized and supported teammates throughout service.,Three guests asked whether the tofu bowl was vegan.,The shift stayed organized with no unusual delays.,2,valid,[]
FM-0142,2026-04-09 18:15:00,2026-04-09,Coastal Cafe,Omar Lewis,4,3,Food held well throughout service and prep levels matched demand.,Anika handled guest questions professionally and maintained a steady pace.,One guest said the portion felt small for the price.,The shift stayed organized with no unusual delays.,5,valid,[]
FM-0143,2026-04-09 18:15:00,2026-04-09,Hearth & Grain,Grace Hall,4,4,No food concerns today; quality and quantity remained consistent.,Mina kept the station organized and supported teammates throughout service.,Guests were positive and service moved smoothly.,"Opening, service, and closing procedures ran normally.",2,valid,[]
FM-0144,2026-04-09 18:15:00,2026-04-09,Street Eats,Ben Walker,5,3,Cilantro rice ran low while extra street corn remained at closing.,Iris handled guest questions professionally and maintained a steady pace.,One guest complimented the team and no concerns were reported.,The handoff should include clearer remaining-inventory counts.,8,valid,[]
FM-0145,2026-04-13 18:15:00,2026-04-13,Bowls & Buns,Dominick Bavilacqua,4,2,Chicken prep was below demand and the final pan ran close to shortage.,Iris communicated clearly and helped the line recover during the rush.,One guest said the portion felt small for the price.,Recommend increasing Kung Pao chicken prep before peak service.,3,valid,[]
FM-0146,2026-04-13 18:15:00,2026-04-13,Market Grill,Sam Kim,5,5,All menu items stayed available and presentation was strong.,Elena kept the station organized and supported teammates throughout service.,Guests were positive and service moved smoothly.,Production exceeded afternoon demand; reduce backup prep on slower days.,16,valid,[]
FM-0148,2026-04-13 18:15:00,2026-04-13,Coastal Cafe,Anika Jones,5,3,No food concerns today; quality and quantity remained consistent.,Noah handled guest questions professionally and maintained a steady pace.,A guest asked whether a beverage option could be added.,The shift stayed organized with no unusual delays.,2,valid,[]
FM-0149,2026-04-13 18:15:00,2026-04-13,Hearth & Grain,Mina Chen,4,4,Food held well throughout service and prep levels matched demand.,Maya Chen kept the line moving and coached a newer employee during the rush.,One guest said the portion felt small for the price.,"Opening, service, and closing procedures ran normally.",3,valid,[]
FM-0150,2026-04-13 18:15:00,2026-04-13,Street Eats,Iris Quinn,5,5,All menu items stayed available and presentation was strong.,Devin handled guest questions professionally and maintained a steady pace.,One guest complimented the team and no concerns were reported.,No major operational concerns.,4,valid,[]
FM-0151,2026-04-14 18:15:00,2026-04-14,Bowls & Buns,Chris Taylor,4,3,Food held well throughout service and prep levels matched demand.,Dom kept the station organized and supported teammates throughout service.,A guest asked whether a beverage option could be added.,No major operational concerns.,2,valid,[]
FM-0152,2026-04-14 18:15:00,2026-04-14,Market Grill,Jordan Lee,5,3,Food held well throughout service and prep levels matched demand.,Nina kept the station organized and supported teammates throughout service.,A guest requested a lower-sodium option.,Production exceeded afternoon demand; reduce backup prep on slower days.,16,valid,[]
FM-0153,2026-04-14 18:15:00,2026-04-14,Verde Kitchen,Jules Adams,5,5,Food held well throughout service and prep levels matched demand.,Priya kept the station organized and supported teammates throughout service.,Three guests asked whether the tofu bowl was vegan.,The shift stayed organized with no unusual delays.,1,valid,[]
FM-0154,2026-04-14 18:15:00,2026-04-14,Coastal Cafe,Lee Vaughn,3,,No food concerns today; quality and quantity remained consistent.,Omar handled guest questions professionally and maintained a steady pace.,Guests were positive and service moved smoothly.,The receipt printer failed twice and orders had to be called manually.,2,needs_review,['missing food_quantity_rating']
FM-0155,2026-04-14 18:15:00,2026-04-14,Hearth & Grain,Andre Price,4,5,No food concerns today; quality and quantity remained consistent.,Grace kept the station organized and supported teammates throughout service.,Guests were positive and service moved smoothly.,The shift stayed organized with no unusual delays.,1,valid,[]
FM-0156,2026-04-14 18:15:00,2026-04-14,Street Eats,Maya Ross,5,2,Inventory counts did not match the remaining taco portions near closing.,Ben handled guest questions professionally and maintained a steady pace.,Two guests asked for a spicier sauce.,The handoff should include clearer remaining-inventory counts.,3,valid,[]
FM-0157,2026-04-15 18:15:00,2026-04-15,Bowls & Buns,Maria Santos,5,2,No food concerns today; quality and quantity remained consistent.,Maria handled guest questions professionally and maintained a steady pace.,A guest requested a lower-sodium option.,"Opening, service, and closing procedures ran normally. The shared register connection dropped briefly and delayed service.",4,valid,[]
FM-0158,2026-04-15 18:15:00,2026-04-15,Market Grill,Nina Rivera,5,4,Food held well throughout service and prep levels matched demand.,Sam handled guest questions professionally and maintained a steady pace.,One guest complimented the team and no concerns were reported.,Production exceeded afternoon demand; reduce backup prep on slower days. The shared register connection dropped briefly and delayed service.,13,valid,[]
FM-0159,2026-04-15 18:15:00,2026-04-15,Verde Kitchen,Priya Nair,5,5,Food held well throughout service and prep levels matched demand.,Taylor communicated clearly and helped the line recover during the rush.,One guest complimented the team and no concerns were reported.,"Opening, service, and closing procedures ran normally. The shared register connection dropped briefly and delayed service.",4,valid,[]
FM-0160,2026-04-15 18:15:00,2026-04-15,Coastal Cafe,Omar Lewis,5,4,No food concerns today; quality and quantity remained consistent.,Anika kept the station organized and supported teammates throughout service.,A guest asked when a previous seasonal item might return.,The shift stayed organized with no unusual delays. The shared register connection dropped briefly and delayed service.,3,valid,[]
FM-0161,2026-04-15 18:15:00,2026-04-15,Hearth & Grain,Grace Hall,4,5,Food held well throughout service and prep levels matched demand.,Maya Chen noticed a prep issue early and coordinated a quick recovery.,Guests were positive and service moved smoothly.,No major operational concerns. The shared register connection dropped briefly and delayed service.,2,valid,[]
FM-0162,2026-04-15 18:15:00,2026-04-15,Street Eats,Ben Walker,5,3,Food held well throughout service and prep levels matched demand.,Iris kept the station organized and supported teammates throughout service.,No major guest issues today.,"Opening, service, and closing procedures ran normally. The shared register connection dropped briefly and delayed service.",5,valid,[]
FM-0163,2026-04-16 18:15:00,2026-04-16,Bowls & Buns,Dominick Bavilacqua,4,3,No food concerns today; quality and quantity remained consistent.,Chris communicated clearly and helped the line recover during the rush.,A guest asked when a previous seasonal item might return.,The shift stayed organized with no unusual delays.,3,valid,[]
FM-0164,2026-04-16 18:15:00,2026-04-16,Market Grill,Sam Kim,4,5,No food concerns today; quality and quantity remained consistent.,Jordan communicated clearly and helped the line recover during the rush.,One guest complimented the team and no concerns were reported.,Several prepared meals remained after service despite steady quality.,12,valid,[]
FM-0165,2026-04-16 18:15:00,2026-04-16,Verde Kitchen,Taylor Morgan,4,3,No food concerns today; quality and quantity remained consistent.,Jules kept the station organized and supported teammates throughout service.,Three guests asked whether the tofu bowl was vegan.,"Opening, service, and closing procedures ran normally.",1,valid,[]
FM-0166,2026-04-16 18:15:00,2026-04-16,Coastal Cafe,Anika Jones,4,4,Food held well throughout service and prep levels matched demand.,Lee handled guest questions professionally and maintained a steady pace.,Guests were positive and service moved smoothly.,No major operational concerns.,5,valid,[]
FM-0167,2026-04-16 18:15:00,2026-04-16,Hearth & Grain,Mina Chen,5,5,No food concerns today; quality and quantity remained consistent.,Andre handled guest questions professionally and maintained a steady pace.,Guests were positive and service moved smoothly.,"Opening, service, and closing procedures ran normally.",1,valid,[]
FM-0168,2026-04-16 18:15:00,2026-04-16,Street Eats,Iris Quinn,4,2,Inventory counts did not match the remaining taco portions near closing.,Maya handled guest questions professionally and maintained a steady pace.,Several guests complimented the food quality.,The handoff should include clearer remaining-inventory counts.,6,valid,[]
FM-0170,2026-04-20 18:15:00,2026-04-20,Market Grill,Jordan Lee,5,5,All menu items stayed available and presentation was strong.,Nina kept the station organized and supported teammates throughout service.,One guest complimented the team and no concerns were reported.,Production exceeded afternoon demand; reduce backup prep on slower days.,13,valid,[]
FM-0171,2026-04-20 18:15:00,2026-04-20,Verde Kitchen,Jules Adams,4,3,No food concerns today; quality and quantity remained consistent.,Priya handled guest questions professionally and maintained a steady pace.,A guest requested a lower-sodium option.,"Opening, service, and closing procedures ran normally.",2,valid,[]
FM-0172,2026-04-20 18:15:00,2026-04-20,Coastal Cafe,Lee Vaughn,5,3,Food held well throughout service and prep levels matched demand.,Omar kept the station organized and supported teammates throughout service.,No major guest issues today.,"Opening, service, and closing procedures ran normally.",5,valid,[]
FM-0173,2026-04-20 18:15:00,2026-04-20,Hearth & Grain,Andre Price,5,5,Food held well throughout service and prep levels matched demand.,"Maya Chen received positive guest feedback for patient, clear service.",No major guest issues today.,"Opening, service, and closing procedures ran normally.",0,valid,[]
FM-0174,2026-04-20 18:15:00,2026-04-20,Street Eats,Maya Ross,3,5,No food concerns today; quality and quantity remained consistent.,Ben communicated clearly and helped the line recover during the rush.,One guest said the portion felt small for the price.,No major operational concerns.,6,valid,[]
FM-0175,2026-04-21 18:15:00,2026-04-21,Bowls & Buns,Maria Santos,3,4,Food held well throughout service and prep levels matched demand.,Maria communicated clearly and helped the line recover during the rush.,Guests were positive and service moved smoothly.,"Opening, service, and closing procedures ran normally.",5,valid,[]
FM-0176,2026-04-21 18:15:00,2026-04-21,Market Grill,Nina Rivera,4,3,All menu items stayed available and presentation was strong.,Sam communicated clearly and helped the line recover during the rush.,A guest asked when a previous seasonal item might return.,Several prepared meals remained after service despite steady quality.,14,valid,[]
FM-0177,2026-04-21 18:15:00,2026-04-21,Verde Kitchen,Priya Nair,4,5,Food held well throughout service and prep levels matched demand.,Taylor kept the station organized and supported teammates throughout service.,A guest asked whether the black bean bowl contained dairy.,"Opening, service, and closing procedures ran normally.",4,valid,[]
FM-0178,2026-04-21 18:15:00,2026-04-21,Coastal Cafe,Omar Lewis,3,5,Food held well throughout service and prep levels matched demand.,Anika kept the station organized and supported teammates throughout service.,A guest requested a lower-sodium option.,The warming unit required a reset and created a pickup bottleneck.,6,valid,[]
FM-0179,2026-04-21 18:15:00,2026-04-21,Hearth & Grain,Grace Hall,5,4,No food concerns today; quality and quantity remained consistent.,Mina kept the station organized and supported teammates throughout service.,A guest requested a lower-sodium option.,The shift stayed organized with no unusual delays.,1,valid,[]
FM-0180,2026-04-21 18:15:00,2026-04-21,Street Eats,Ben Walker,4,2,All menu items stayed available and presentation was strong.,Iris communicated clearly and helped the line recover during the rush.,A guest asked when a previous seasonal item might return.,No major operational concerns.,8,valid,[]
FM-0181,2026-04-22 18:15:00,2026-04-22,Bowls & Buns,Dominick Bavilacqua,4,2,Chicken prep was below demand and the final pan ran close to shortage.,Chris communicated clearly and helped the line recover during the rush.,A guest asked whether a beverage option could be added.,Recommend increasing Kung Pao chicken prep before peak service.,3,valid,[]
FM-0182,2026-04-22 18:15:00,2026-04-22,Market Grill,Sam Kim,4,3,No food concerns today; quality and quantity remained consistent.,Jordan communicated clearly and helped the line recover during the rush.,Two guests asked for a spicier sauce.,Unclaimed lunches were above target and closing waste should be reviewed.,13,valid,[]
FM-0183,2026-04-22 18:15:00,2026-04-22,Verde Kitchen,Taylor Morgan,5,3,Food held well throughout service and prep levels matched demand.,Jules handled guest questions professionally and maintained a steady pace.,Several guests complimented the food quality.,No major operational concerns.,4,valid,[]
FM-0184,2026-04-22 18:15:00,2026-04-22,Coastal Cafe,Anika Jones,3,3,Food held well throughout service and prep levels matched demand.,Lee kept the station organized and supported teammates throughout service.,No major guest issues today.,"Tony seemed frustrated and stepped away twice, but the report does not establish misconduct or a performance conclusion.",7,valid,[]
FM-0185,2026-04-22 18:15:00,2026-04-22,Hearth & Grain,Mina Chen,5,4,Food held well throughout service and prep levels matched demand.,Maya Chen kept the line moving and coached a newer employee during the rush.,A guest asked whether a beverage option could be added.,The shift stayed organized with no unusual delays.,3,valid,[]
FM-0186,2026-04-22 18:15:00,2026-04-22,Street Eats,Iris Quinn,4,5,All menu items stayed available and presentation was strong.,Maya communicated clearly and helped the line recover during the rush.,A guest asked when a previous seasonal item might return.,"Opening, service, and closing procedures ran normally.",2,valid,[]
FM-0187,2026-04-23 18:15:00,2026-04-23,Bowls & Buns,Chris Taylor,4,3,Food held well throughout service and prep levels matched demand.,Iris communicated clearly and helped the line recover during the rush.,Two guests asked for a spicier sauce.,"Opening, service, and closing procedures ran normally.",4,valid,[]
FM-0188,2026-04-23 18:15:00,2026-04-23,Market Grill,Jordan Lee,4,5,No food concerns today; quality and quantity remained consistent.,Elena kept the station organized and supported teammates throughout service.,One guest said the portion felt small for the price.,Production exceeded afternoon demand; reduce backup prep on slower days.,12,valid,[]
FM-0189,2026-04-23 18:15:00,2026-04-23,Verde Kitchen,Jules Adams,5,5,No food concerns today; quality and quantity remained consistent.,Avery kept the station organized and supported teammates throughout service.,A guest asked whether the black bean bowl contained dairy.,The shift stayed organized with no unusual delays.,2,valid,[]
FM-0191,2026-04-23 18:15:00,2026-04-23,Hearth & Grain,Andre Price,5,5,All menu items stayed available and presentation was strong.,Luis handled guest questions professionally and maintained a steady pace.,A guest requested a lower-sodium option.,"Opening, service, and closing procedures ran normally.",1,valid,[]
FM-0192,2026-04-23 18:15:00,2026-04-23,Street Eats,Maya Ross,3,3,Tofu taco prep did not match demand and beef tacos were overprepared.,Devin handled guest questions professionally and maintained a steady pace.,One guest complimented the team and no concerns were reported.,The handoff should include clearer remaining-inventory counts.,5,valid,[]
FM-0193,2026-04-27 18:15:00,2026-04-27,Bowls & Buns,Maria Santos,4,2,Kung Pao chicken ran low during the lunch rush and backup prep was started.,Maria kept the station organized and supported teammates throughout service.,Several guests said portions looked smaller than earlier in the month.,Recommend increasing Kung Pao chicken prep before peak service.,5,valid,[]
FM-0194,2026-04-27 18:15:00,2026-04-27,Market Grill,Nina Rivera,5,3,No food concerns today; quality and quantity remained consistent.,Sam handled guest questions professionally and maintained a steady pace.,A guest complained that the portion did not match the listed value.,Several prepared meals remained after service despite steady quality.,7,valid,[]
FM-0195,2026-04-27 18:15:00,2026-04-27,Verde Kitchen,Priya Nair,5,5,No food concerns today; quality and quantity remained consistent.,Taylor communicated clearly and helped the line recover during the rush.,Two guests questioned whether the serving size had changed.,No major operational concerns.,4,valid,[]
FM-0196,2026-04-27 18:15:00,2026-04-27,Coastal Cafe,Omar Lewis,4,5,No food concerns today; quality and quantity remained consistent.,Anika handled guest questions professionally and maintained a steady pace.,Two guests questioned whether the serving size had changed.,No major operational concerns.,5,valid,[]
FM-0198,2026-04-27 18:15:00,2026-04-27,Street Eats,Ben Walker,3,5,All menu items stayed available and presentation was strong.,Iris kept the station organized and supported teammates throughout service.,Two guests questioned whether the serving size had changed.,"Opening, service, and closing procedures ran normally.",6,valid,[]
FM-0199,2026-04-28 18:15:00,2026-04-28,Bowls & Buns,Dominick Bavilacqua,5,4,No food concerns today; quality and quantity remained consistent.,Chris handled guest questions professionally and maintained a steady pace.,One guest complimented the team and no concerns were reported.,The shift stayed organized with no unusual delays.,5,valid,[]
FM-0200,2026-04-28 18:15:00,2026-04-28,Market Grill,Sam Kim,4,3,Food held well throughout service and prep levels matched demand.,Jordan handled guest questions professionally and maintained a steady pace.,Two guests asked for a spicier sauce.,Several prepared meals remained after service despite steady quality.,10,valid,[]
FM-0201,2026-04-28 18:15:00,2026-04-28,Verde Kitchen,Taylor Morgan,5,4,Food held well throughout service and prep levels matched demand.,Jules communicated clearly and helped the line recover during the rush.,Three guests asked whether the tofu bowl was vegan.,"Opening, service, and closing procedures ran normally.",1,valid,[]
FM-0202,2026-04-28 18:15:00,2026-04-28,Coastal Cafe,Anika Jones,3,3,No food concerns today; quality and quantity remained consistent.,Lee kept the station organized and supported teammates throughout service.,Guests were positive and service moved smoothly.,The register froze during lunch and slowed the line for several minutes.,2,valid,[]
FM-0203,2026-04-28 18:15:00,2026-04-28,Hearth & Grain,Mina Chen,4,5,Food held well throughout service and prep levels matched demand.,Andre communicated clearly and helped the line recover during the rush.,A guest asked whether a beverage option could be added.,No major operational concerns.,4,valid,[]
FM-0204,2026-04-28 18:15:00,2026-04-28,Street Eats,Iris Quinn,5,2,Inventory counts did not match the remaining taco portions near closing.,Maya handled guest questions professionally and maintained a steady pace.,No major guest issues today.,The handoff should include clearer remaining-inventory counts.,5,valid,[]
FM-0205,2026-04-29 18:15:00,2026-04-29,Bowls & Buns,Chris Taylor,4,3,No food concerns today; quality and quantity remained consistent.,Iris handled guest questions professionally and maintained a steady pace.,A guest requested a lower-sodium option.,"Opening, service, and closing procedures ran normally.",1,valid,[]
FM-0206,2026-04-29 18:15:00,2026-04-29,Market Grill,Jordan Lee,5,4,No food concerns today; quality and quantity remained consistent.,Elena communicated clearly and helped the line recover during the rush.,One guest complimented the team and no concerns were reported.,Production exceeded afternoon demand; reduce backup prep on slower days.,12,valid,[]
FM-0207,2026-04-29 18:15:00,2026-04-29,Verde Kitchen,Jules Adams,5,4,Food held well throughout service and prep levels matched demand.,Avery kept the station organized and supported teammates throughout service.,No major guest issues today.,"Opening, service, and closing procedures ran normally.",5,valid,[]
FM-0208,2026-04-29 18:15:00,2026-04-29,Coastal Cafe,Lee Vaughn,4,3,All menu items stayed available and presentation was strong.,Noah communicated clearly and helped the line recover during the rush.,One guest said the portion felt small for the price.,"Opening, service, and closing procedures ran normally.",7,valid,[]
FM-0209,2026-04-29 18:15:00,2026-04-29,Hearth & Grain,Andre Price,5,4,No food concerns today; quality and quantity remained consistent.,"Maya Chen received positive guest feedback for patient, clear service.",No major guest issues today.,No major operational concerns.,4,valid,[]
FM-0210,2026-04-29 18:15:00,2026-04-29,Street Eats,Maya Ross,4,4,All menu items stayed available and presentation was strong.,Devin handled guest questions professionally and maintained a steady pace.,Several guests complimented the food quality.,The shift stayed organized with no unusual delays.,7,valid,[]
FM-0211,2026-04-30 18:15:00,2026-04-30,Bowls & Buns,Maria Santos,5,4,All menu items stayed available and presentation was strong.,Dom handled guest questions professionally and maintained a steady pace.,Several guests complimented the food quality.,"Opening, service, and closing procedures ran normally.",5,valid,[]
FM-0212,2026-04-30 18:15:00,2026-04-30,Market Grill,Nina Rivera,5,4,Food held well throughout service and prep levels matched demand.,Nina kept the station organized and supported teammates throughout service.,Several guests complimented the food quality.,Unclaimed lunches were above target and closing waste should be reviewed.,11,valid,[]
FM-0213,2026-04-30 18:15:00,2026-04-30,Verde Kitchen,Priya Nair,4,4,All menu items stayed available and presentation was strong.,Priya kept the station organized and supported teammates throughout service.,Guests asked about gluten-free ingredients and possible cross-contact.,The shift stayed organized with no unusual delays.,1,valid,[]
FM-0214,2026-04-30 18:15:00,2026-04-30,Coastal Cafe,Omar Lewis,5,5,No food concerns today; quality and quantity remained consistent.,Omar communicated clearly and helped the line recover during the rush.,No major guest issues today.,"Opening, service, and closing procedures ran normally.",5,valid,[]
FM-0215,2026-04-30 18:15:00,2026-04-30,Hearth & Grain,Grace Hall,4,4,All menu items stayed available and presentation was strong.,Grace communicated clearly and helped the line recover during the rush.,A guest requested a lower-sodium option.,The shift stayed organized with no unusual delays.,0,valid,[]
FM-0216,2026-04-30 18:15:00,2026-04-30,Street Eats,Ben Walker,4,3,Inventory counts did not match the remaining taco portions near closing.,Ben communicated clearly and helped the line recover during the rush.,Two guests asked for a spicier sauce.,The handoff should include clearer remaining-inventory counts.,6,valid,[]
FM-0217,2026-05-04 18:15:00,2026-05-04,Bowls & Buns,Dominick Bavilacqua,5,3,Kung Pao chicken ran low during the lunch rush and backup prep was started.,Chris kept the station organized and supported teammates throughout service.,Several guests said portions looked smaller than earlier in the month.,Recommend increasing Kung Pao chicken prep before peak service.,4,valid,[]
FM-0218,2026-05-04 18:15:00,2026-05-04,Market Grill,Sam Kim,4,5,Food held well throughout service and prep levels matched demand.,Jordan handled guest questions professionally and maintained a steady pace.,A guest complained that the portion did not match the listed value.,Production exceeded afternoon demand; reduce backup prep on slower days.,8,valid,[]
FM-0219,2026-05-04 18:15:00,2026-05-04,Verde Kitchen,Taylor Morgan,4,3,No food concerns today; quality and quantity remained consistent.,Jules handled guest questions professionally and maintained a steady pace.,A guest complained that the portion did not match the listed value.,The shift stayed organized with no unusual delays.,4,valid,[]
FM-0220,2026-05-04 18:15:00,2026-05-04,Coastal Cafe,Anika Jones,4,3,Food held well throughout service and prep levels matched demand.,Lee handled guest questions professionally and maintained a steady pace.,Several guests said portions looked smaller than earlier in the month.,The shift stayed organized with no unusual delays.,6,valid,[]
FM-0221,2026-05-04 18:15:00,2026-05-04,Hearth & Grain,Mina Chen,4,5,Food held well throughout service and prep levels matched demand.,Maya Chen kept the line moving and coached a newer employee during the rush.,Two guests questioned whether the serving size had changed.,"Opening, service, and closing procedures ran normally.",4,valid,[]
FM-0222,2026-05-04 18:15:00,2026-05-04,Street Eats,Iris Quinn,5,2,Food held well throughout service and prep levels matched demand.,Maya communicated clearly and helped the line recover during the rush.,Several guests said portions looked smaller than earlier in the month.,"Opening, service, and closing procedures ran normally.",2,valid,[]
FM-0223,2026-05-05 18:15:00,2026-05-05,Bowls & Buns,Chris Taylor,3,3,Food held well throughout service and prep levels matched demand.,Iris communicated clearly and helped the line recover during the rush.,One guest complimented the team and no concerns were reported.,No major operational concerns.,5,valid,[]
FM-0225,2026-05-05 18:15:00,2026-05-05,Verde Kitchen,Jules Adams,5,4,No food concerns today; quality and quantity remained consistent.,Avery kept the station organized and supported teammates throughout service.,Guests asked about gluten-free ingredients and possible cross-contact.,"Opening, service, and closing procedures ran normally.",2,valid,[]
FM-0226,2026-05-05 18:15:00,2026-05-05,Coastal Cafe,Lee Vaughn,5,4,No food concerns today; quality and quantity remained consistent.,Noah kept the station organized and supported teammates throughout service.,Several guests complimented the food quality.,The warming unit required a reset and created a pickup bottleneck.,5,valid,[]
FM-0227,2026-05-05 18:15:00,2026-05-05,Hearth & Grain,Andre Price,5,5,No food concerns today; quality and quantity remained consistent.,Luis handled guest questions professionally and maintained a steady pace.,No major guest issues today.,The shift stayed organized with no unusual delays.,3,valid,[]
FM-0228,2026-05-05 18:15:00,2026-05-05,Street Eats,Maya Ross,3,3,No food concerns today; quality and quantity remained consistent.,Devin handled guest questions professionally and maintained a steady pace.,One guest said the portion felt small for the price.,The shift stayed organized with no unusual delays.,2,valid,[]
FM-0229,2026-05-06 18:15:00,2026-05-06,Bowls & Buns,Maria Santos,5,2,Chicken prep was below demand and the final pan ran close to shortage.,Dom communicated clearly and helped the line recover during the rush.,Several guests complimented the food quality.,Recommend increasing Kung Pao chicken prep before peak service.,1,valid,[]
FM-0230,2026-05-06 18:15:00,2026-05-06,Market Grill,Nina Rivera,4,5,No food concerns today; quality and quantity remained consistent.,Nina handled guest questions professionally and maintained a steady pace.,No major guest issues today.,Unclaimed lunches were above target and closing waste should be reviewed.,12,valid,[]
FM-0231,2026-05-06 18:15:00,2026-05-06,Verde Kitchen,Priya Nair,5,4,Food held well throughout service and prep levels matched demand.,Priya communicated clearly and helped the line recover during the rush.,One guest said the portion felt small for the price.,"Opening, service, and closing procedures ran normally.",5,valid,[]
FM-0232,2026-05-06 18:15:00,2026-05-06,Coastal Cafe,Omar Lewis,5,5,No food concerns today; quality and quantity remained consistent.,Omar kept the station organized and supported teammates throughout service.,A guest requested a lower-sodium option.,"Opening, service, and closing procedures ran normally.",7,valid,[]
FM-0233,2026-05-06 18:15:00,2026-05-06,Hearth & Grain,Grace Hall,4,5,No food concerns today; quality and quantity remained consistent.,Maya Chen noticed a prep issue early and coordinated a quick recovery.,A guest requested a lower-sodium option.,"Opening, service, and closing procedures ran normally.",0,valid,[]
FM-0234,2026-05-06 18:15:00,2026-05-06,Street Eats,Ben Walker,3,5,All menu items stayed available and presentation was strong.,Ben kept the station organized and supported teammates throughout service.,A guest asked when a previous seasonal item might return.,No major operational concerns.,6,valid,[]
FM-0235,2026-05-07 18:15:00,2026-05-07,Bowls & Buns,Dominick Bavilacqua,4,2,All menu items stayed available and presentation was strong.,Maria communicated clearly and helped the line recover during the rush.,Guests were positive and service moved smoothly.,No major operational concerns.,3,valid,[]
FM-0236,2026-05-07 18:15:00,2026-05-07,Market Grill,Sam Kim,4,5,No food concerns today; quality and quantity remained consistent.,Sam kept the station organized and supported teammates throughout service.,A guest asked when a previous seasonal item might return.,Several prepared meals remained after service despite steady quality.,7,valid,[]
FM-0237,2026-05-07 18:15:00,2026-05-07,Verde Kitchen,Taylor Morgan,4,3,No food concerns today; quality and quantity remained consistent.,Taylor communicated clearly and helped the line recover during the rush.,Two guests requested clearer allergy information for the avocado salsa.,"Opening, service, and closing procedures ran normally.",1,valid,[]
FM-0238,2026-05-07 18:15:00,2026-05-07,Coastal Cafe,Anika Jones,3,5,No food concerns today; quality and quantity remained consistent.,Anika handled guest questions professionally and maintained a steady pace.,No major guest issues today.,The shift stayed organized with no unusual delays.,6,valid,[]
FM-0239,2026-05-07 18:15:00,2026-05-07,Hearth & Grain,Mina Chen,5,4,Food held well throughout service and prep levels matched demand.,Mina handled guest questions professionally and maintained a steady pace.,One guest said the portion felt small for the price.,"Opening, service, and closing procedures ran normally.",0,valid,[]
FM-0240,2026-05-07 18:15:00,2026-05-07,Street Eats,Iris Quinn,4,3,Cilantro rice ran low while extra street corn remained at closing.,Iris handled guest questions professionally and maintained a steady pace.,A guest asked whether a beverage option could be added.,The handoff should include clearer remaining-inventory counts.,,needs_review,['missing number_of_unclaimed_lunches']
FM-0241,2026-05-11 18:15:00,2026-05-11,Bowls & Buns,Chris Taylor,3,2,Kung Pao chicken sold out near 1 PM while tofu stir-fry remained available.,Iris communicated clearly and helped the line recover during the rush.,Several guests complimented the food quality.,Recommend increasing Kung Pao chicken prep before peak service.,4,valid,[]
FM-0242,2026-05-11 18:15:00,2026-05-11,Market Grill,Jordan Lee,4,3,All menu items stayed available and presentation was strong.,Elena communicated clearly and helped the line recover during the rush.,One guest said the portion felt small for the price.,Unclaimed lunches were above target and closing waste should be reviewed.,8,valid,[]
FM-0243,2026-05-11 18:15:00,2026-05-11,Verde Kitchen,Jules Adams,5,4,No food concerns today; quality and quantity remained consistent.,Avery kept the station organized and supported teammates throughout service.,Two guests asked for a spicier sauce.,"Opening, service, and closing procedures ran normally.",2,valid,[]
FM-0245,2026-05-11 18:15:00,2026-05-11,Hearth & Grain,Andre Price,5,5,All menu items stayed available and presentation was strong.,Maya Chen noticed a prep issue early and coordinated a quick recovery.,One guest complimented the team and no concerns were reported.,No major operational concerns.,1,valid,[]
FM-0246,2026-05-11 18:15:00,2026-05-11,Street Eats,Maya Ross,3,4,All menu items stayed available and presentation was strong.,Devin communicated clearly and helped the line recover during the rush.,Guests were positive and service moved smoothly.,The shift stayed organized with no unusual delays.,8,valid,[]
FM-0247,2026-05-12 18:15:00,2026-05-12,Bowls & Buns,Maria Santos,3,3,Food held well throughout service and prep levels matched demand.,Dom communicated clearly and helped the line recover during the rush.,Guests were positive and service moved smoothly.,"Opening, service, and closing procedures ran normally.",0,valid,[]
FM-0248,2026-05-12 18:15:00,2026-05-12,Market Grill,Nina Rivera,5,5,All menu items stayed available and presentation was strong.,Nina communicated clearly and helped the line recover during the rush.,A guest asked when a previous seasonal item might return.,Production exceeded afternoon demand; reduce backup prep on slower days.,7,valid,[]
FM-0249,2026-05-12 18:15:00,2026-05-12,Verde Kitchen,Priya Nair,5,5,Food held well throughout service and prep levels matched demand.,Priya kept the station organized and supported teammates throughout service.,Guests asked about gluten-free ingredients and possible cross-contact.,The shift stayed organized with no unusual delays.,4,valid,[]
FM-0250,2026-05-12 18:15:00,2026-05-12,Coastal Cafe,Omar Lewis,4,3,No food concerns today; quality and quantity remained consistent.,Omar handled guest questions professionally and maintained a steady pace.,No major guest issues today.,The register froze during lunch and slowed the line for several minutes.,7,valid,[]
FM-0251,2026-05-12 18:15:00,2026-05-12,Hearth & Grain,Grace Hall,5,4,No food concerns today; quality and quantity remained consistent.,Grace communicated clearly and helped the line recover during the rush.,A guest requested a lower-sodium option.,The shift stayed organized with no unusual delays.,2,valid,[]
FM-0252,2026-05-12 18:15:00,2026-05-12,Street Eats,Ben Walker,3,2,Inventory counts did not match the remaining taco portions near closing.,Ben handled guest questions professionally and maintained a steady pace.,A guest asked when a previous seasonal item might return.,The handoff should include clearer remaining-inventory counts.,5,valid,[]
FM-0253,2026-05-13 18:15:00,2026-05-13,Bowls & Buns,Dominick Bavilacqua,3,3,No food concerns today; quality and quantity remained consistent.,Maria communicated clearly and helped the line recover during the rush.,No major guest issues today.,No major operational concerns.,1,valid,[]
FM-0254,2026-05-13 18:15:00,2026-05-13,Market Grill,Sam Kim,4,4,All menu items stayed available and presentation was strong.,Sam handled guest questions professionally and maintained a steady pace.,A guest requested a lower-sodium option.,Production exceeded afternoon demand; reduce backup prep on slower days.,12,valid,[]
FM-0255,2026-05-13 18:15:00,2026-05-13,Verde Kitchen,Taylor Morgan,5,5,Food held well throughout service and prep levels matched demand.,Taylor kept the station organized and supported teammates throughout service.,No major guest issues today.,The shift stayed organized with no unusual delays.,3,valid,[]
FM-0256,2026-05-13 18:15:00,2026-05-13,Coastal Cafe,Anika Jones,4,4,Food held well throughout service and prep levels matched demand.,Anika communicated clearly and helped the line recover during the rush.,Two guests asked for a spicier sauce.,No major operational concerns.,7,valid,[]
FM-0257,2026-05-13 18:15:00,2026-05-13,Hearth & Grain,Mina Chen,4,4,Food held well throughout service and prep levels matched demand.,"Maya Chen received positive guest feedback for patient, clear service.",One guest complimented the team and no concerns were reported.,"Opening, service, and closing procedures ran normally.",4,valid,[]
FM-0258,2026-05-13 18:15:00,2026-05-13,Street Eats,Iris Quinn,5,2,All menu items stayed available and presentation was strong.,Iris kept the station organized and supported teammates throughout service.,One guest said the portion felt small for the price.,No major operational concerns.,6,valid,[]
FM-0260,2026-05-14 18:15:00,2026-05-14,Market Grill,Jordan Lee,5,4,All menu items stayed available and presentation was strong.,Jordan kept the station organized and supported teammates throughout service.,"Several guests complimented the food quality. Guests asked for more beverage variety, including unsweetened options.",Production exceeded afternoon demand; reduce backup prep on slower days.,8,valid,[]
FM-0261,2026-05-14 18:15:00,2026-05-14,Verde Kitchen,Jules Adams,4,5,All menu items stayed available and presentation was strong.,Jules handled guest questions professionally and maintained a steady pace.,"Three guests asked whether the tofu bowl was vegan. Guests asked for more beverage variety, including unsweetened options.",The shift stayed organized with no unusual delays.,2,valid,[]
FM-0262,2026-05-14 18:15:00,2026-05-14,Coastal Cafe,Lee Vaughn,5,4,All menu items stayed available and presentation was strong.,Lee handled guest questions professionally and maintained a steady pace.,"A guest requested a lower-sodium option. Guests asked for more beverage variety, including unsweetened options.",The shift stayed organized with no unusual delays.,2,valid,[]
FM-0263,2026-05-14 18:15:00,2026-05-14,Hearth & Grain,Andre Price,5,4,All menu items stayed available and presentation was strong.,Andre handled guest questions professionally and maintained a steady pace.,"A guest asked when a previous seasonal item might return. Guests asked for more beverage variety, including unsweetened options.",No major operational concerns.,1,valid,[]
FM-0264,2026-05-14 18:15:00,2026-05-14,Street Eats,Maya Ross,4,2,Cilantro rice ran low while extra street corn remained at closing.,Maya handled guest questions professionally and maintained a steady pace.,"No major guest issues today. Guests asked for more beverage variety, including unsweetened options.",The handoff should include clearer remaining-inventory counts.,3,valid,[]
FM-0265,2026-05-18 18:15:00,2026-05-18,Bowls & Buns,Maria Santos,3,2,Kung Pao chicken sold out near 1 PM while tofu stir-fry remained available.,Dom handled guest questions professionally and maintained a steady pace.,A guest asked when a previous seasonal item might return.,Recommend increasing Kung Pao chicken prep before peak service.,2,valid,[]
FM-0266,2026-05-18 18:15:00,2026-05-18,Market Grill,Nina Rivera,4,5,Food held well throughout service and prep levels matched demand.,Nina handled guest questions professionally and maintained a steady pace.,A guest asked when a previous seasonal item might return.,Production exceeded afternoon demand; reduce backup prep on slower days.,9,valid,[]
FM-0267,2026-05-18 18:15:00,2026-05-18,Verde Kitchen,Priya Nair,5,5,No food concerns today; quality and quantity remained consistent.,Priya kept the station organized and supported teammates throughout service.,One guest complimented the team and no concerns were reported.,No major operational concerns.,4,valid,[]
FM-0268,2026-05-18 18:15:00,2026-05-18,Coastal Cafe,Omar Lewis,4,4,No food concerns today; quality and quantity remained consistent.,Omar communicated clearly and helped the line recover during the rush.,A guest asked whether a beverage option could be added.,"Opening, service, and closing procedures ran normally.",5,valid,[]
FM-0269,2026-05-18 18:15:00,2026-05-18,Hearth & Grain,Grace Hall,4,5,No food concerns today; quality and quantity remained consistent.,Maya Chen kept the line moving and coached a newer employee during the rush.,Several guests complimented the food quality.,No major operational concerns.,2,valid,[]
FM-0270,2026-05-18 18:15:00,2026-05-18,Street Eats,Ben Walker,5,5,No food concerns today; quality and quantity remained consistent.,Ben kept the station organized and supported teammates throughout service.,A guest asked when a previous seasonal item might return.,"Opening, service, and closing procedures ran normally.",3,valid,[]
FM-0271,2026-05-19 18:15:00,2026-05-19,Bowls & Buns,Dominick Bavilacqua,5,2,Food held well throughout service and prep levels matched demand.,Maria kept the station organized and supported teammates throughout service.,A guest asked for clearer allergen labels before choosing a meal.,"Opening, service, and closing procedures ran normally.",4,valid,[]
FM-0272,2026-05-19 18:15:00,2026-05-19,Market Grill,Sam Kim,4,3,No food concerns today; quality and quantity remained consistent.,Sam kept the station organized and supported teammates throughout service.,A guest asked whether a beverage option could be added.,Production exceeded afternoon demand; reduce backup prep on slower days.,10,valid,[]
FM-0274,2026-05-19 18:15:00,2026-05-19,Coastal Cafe,Anika Jones,5,3,No food concerns today; quality and quantity remained consistent.,Anika kept the station organized and supported teammates throughout service.,Several guests complimented the food quality.,The warming unit required a reset and created a pickup bottleneck.,4,valid,[]
FM-0275,2026-05-19 18:15:00,2026-05-19,Hearth & Grain,Mina Chen,5,5,Food held well throughout service and prep levels matched demand.,Mina kept the station organized and supported teammates throughout service.,A guest requested a lower-sodium option.,No major operational concerns.,2,valid,[]
FM-0276,2026-05-19 18:15:00,2026-05-19,Street Eats,Iris Quinn,3,5,No food concerns today; quality and quantity remained consistent.,Iris handled guest questions professionally and maintained a steady pace.,Several guests complimented the food quality.,"Opening, service, and closing procedures ran normally.",6,valid,[]
FM-0277,2026-05-20 18:15:00,2026-05-20,Bowls & Buns,Chris Taylor,3,2,Chicken prep was below demand and the final pan ran close to shortage.,Chris communicated clearly and helped the line recover during the rush.,A guest asked whether a beverage option could be added.,Recommend increasing Kung Pao chicken prep before peak service.,2,valid,[]
FM-0278,2026-05-20 18:15:00,2026-05-20,Market Grill,Jordan Lee,5,3,All menu items stayed available and presentation was strong.,Jordan communicated clearly and helped the line recover during the rush.,No major guest issues today.,Unclaimed lunches were above target and closing waste should be reviewed.,11,valid,[]
FM-0279,2026-05-20 18:15:00,2026-05-20,Verde Kitchen,Jules Adams,4,4,No food concerns today; quality and quantity remained consistent.,Jules kept the station organized and supported teammates throughout service.,Guests were positive and service moved smoothly.,"Opening, service, and closing procedures ran normally.",2,valid,[]
FM-0280,2026-05-20 18:15:00,2026-05-20,Coastal Cafe,Lee Vaughn,3,4,No food concerns today; quality and quantity remained consistent.,Lee kept the station organized and supported teammates throughout service.,One guest said the portion felt small for the price.,"Opening, service, and closing procedures ran normally.",3,valid,[]
FM-0281,2026-05-20 18:15:00,2026-05-20,Hearth & Grain,Andre Price,5,4,All menu items stayed available and presentation was strong.,"Maya Chen received positive guest feedback for patient, clear service.",One guest said the portion felt small for the price.,"Opening, service, and closing procedures ran normally.",2,valid,[]
FM-0283,2026-05-21 18:15:00,2026-05-21,Bowls & Buns,Maria Santos,3,2,Food held well throughout service and prep levels matched demand.,Iris communicated clearly and helped the line recover during the rush.,One guest said the portion felt small for the price.,The shift stayed organized with no unusual delays.,5,valid,[]
FM-0284,2026-05-21 18:15:00,2026-05-21,Market Grill,Nina Rivera,5,5,All menu items stayed available and presentation was strong.,Elena communicated clearly and helped the line recover during the rush.,A guest asked when a previous seasonal item might return.,Several prepared meals remained after service despite steady quality.,7,valid,[]
FM-0285,2026-05-21 18:15:00,2026-05-21,Verde Kitchen,Priya Nair,5,3,No food concerns today; quality and quantity remained consistent.,Avery kept the station organized and supported teammates throughout service.,Three guests asked whether the tofu bowl was vegan.,"Opening, service, and closing procedures ran normally.",4,valid,[]
FM-0286,2026-05-21 18:15:00,2026-05-21,Coastal Cafe,Omar Lewis,4,5,All menu items stayed available and presentation was strong.,Noah handled guest questions professionally and maintained a steady pace.,A guest asked when a previous seasonal item might return.,The shift stayed organized with no unusual delays.,2,valid,[]
FM-0288,2026-05-21 18:15:00,2026-05-21,Street Eats,Ben Walker,5,2,Cilantro rice ran low while extra street corn remained at closing.,Devin communicated clearly and helped the line recover during the rush.,One guest said the portion felt small for the price.,The handoff should include clearer remaining-inventory counts.,8,valid,[]
DUP-001,2026-03-10 18:22:00,2026-03-10,Bowls & Buns,Maria Santos,3,2,No food concerns today; quality and quantity remained consistent.,Iris handled guest questions professionally and maintained a steady pace.,One guest complimented the team and no concerns were reported.,"Opening, service, and closing procedures ran normally.",3,valid,[]
DUP-002,2026-04-02 18:22:00,2026-04-02,Verde Kitchen,Jules Adams,4,4,Food held well throughout service and prep levels matched demand.,Priya communicated clearly and helped the line recover during the rush.,Two guests requested clearer allergy information for the avocado salsa.,No major operational concerns.,5,valid,[]
DUP-003,2026-05-06 18:22:00,2026-05-06,Bowls & Buns,Maria Santos,5,2,Chicken prep was below demand and the final pan ran close to shortage.,Dom communicated clearly and helped the line recover during the rush.,Several guests complimented the food quality.,Recommend increasing Kung Pao chicken prep before peak service.,1,valid,[]
